Название;URL
"Top 2-8 years                    
                                        
                    Riot Club";https://kingfashion.com/ru/boys-riot-club/new-sku-ss17-1082-8-14-black.html
"Padded Jacket 2-8 years                    
                                        
                    Riot Club";https://kingfashion.com/ru/padded-jacket-2-8-years-a16-128-2-8-khaki-tan.html
"Tracksuit 8-14 years                    
                                        
                    Riot Club";https://kingfashion.com/ru/new-sku-ss17-1045-8-14-white-1221.html
"Jacket 8-14 years                    
                                        
                    Riot Club";https://kingfashion.com/ru/new-sku-ss17-1045-8-14-white-1220.html
"T-shirt 2-8 years                    
                                        
                    Riot Club";https://kingfashion.com/ru/new-sku-ss17-1003-2-8-grey-black.html
"Joggers 2-8 years                    
                                        
                    Riot Club";https://kingfashion.com/ru/new-sku-ss17-1018-2-8-grey-navy-multi.html
"Joggers 8-14 years                    
                                        
                    Riot Club";https://kingfashion.com/ru/new-sku-ss17-1073-8-14-dark-grey.html
"Jacket 8-14 years                    
                                        
                    Riot Club";https://kingfashion.com/ru/new-sku-ss17-1025-8-14-army-green.html
"Jacket 8-14 years                    
                                        
                    Riot Club";https://kingfashion.com/ru/new-sku-ss17-1022-8-14-black.html
"Jacket                    
                                        
                    Riot Club";https://kingfashion.com/ru/jacket-a16-133-navy-dark-grey.html
"Padded Jacket  8-14 years                    
                                        
                    Riot Club";https://kingfashion.com/ru/padded-jacket-8-14-years-w16-130-8-14-green.html
"Winter Padded Jacket 2-8 years                    
                                        
                    Riot Club";https://kingfashion.com/ru/padded-jacket-2-8-years-w16-129-2-8-navy-multicolour.html
"Zip Hoody Jacket with Sherpa Lining                    
                                        
                    Riot Club";https://kingfashion.com/ru/zip-hoody-jacket-with-sherpa-lining-a16-118-navy-blue.html
"Joggers                    
                                        
                    Riot Club";https://kingfashion.com/ru/joggers-a16-120-grey.html
"Quilted Jacket                    
                                        
                    Riot Club";https://kingfashion.com/ru/quilted-jacket-a16-142-green.html
"Padded Jacket                    
                                        
                    Riot Club";https://kingfashion.com/ru/padded-jacket-a16-129-black.html
"T-shirt 2-8 years                    
                                        
                    Riot Club";https://kingfashion.com/ru/new-sku-ss17-1001-2-8-white.html
"T-shirt 8-14 years                    
                                        
                    Riot Club";https://kingfashion.com/ru/new-sku-ss17-1023-8-14-white.html
"T-shirt 8-14 years                    
                                        
                    Riot Club";https://kingfashion.com/ru/new-sku-ss17-1030-8-14-white.html
"T-shirt 2-8 years                    
                                        
                    Riot Club";https://kingfashion.com/ru/new-sku-ss17-1004-2-8-white.html
"T-shirt 8-14 years                    
                                        
                    Riot Club";https://kingfashion.com/ru/new-sku-ss17-1051-8-14-black.html
"T-shirt 2-8 years                    
                                        
                    Riot Club";https://kingfashion.com/ru/new-sku-ss17-1008-2-8-yellow.html
"T-shirt 8-14 years                    
                                        
                    Riot Club";https://kingfashion.com/ru/new-sku-ss17-1027-8-14-white.html
"Polo Shirt 8-14 years                    
                                        
                    Riot Club";https://kingfashion.com/ru/new-sku-ss17-1057-8-14-navy-grey.html
"Tracksuit 2-8 years                    
                                        
                    Riot Club";https://kingfashion.com/ru/sweatshirt-1081.html
"Joggers 2-8 years                    
                                        
                    Riot Club";https://kingfashion.com/ru/sweatshirt-1079.html
"T-shirt 2-8 years                    
                                        
                    Riot Club";https://kingfashion.com/ru/new-sku-ss17-1005-2-8-navy.html
"T-shirt 2-8 years                    
                                        
                    Riot Club";https://kingfashion.com/ru/new-sku-ss17-1029-2-8-grey.html
"T-shirt 8-14 years                    
                                        
                    Riot Club";https://kingfashion.com/ru/new-sku-ss17-1042-8-14-grey.html
"T-shirt 2-8 years                    
                                        
                    Riot Club";https://kingfashion.com/ru/new-sku-ss17-1035-2-8-grey.html
"T-shirt 8-14 years                    
                                        
                    Riot Club";https://kingfashion.com/ru/new-sku-ss17-1038-8-14-white.html
"T-shirt 2-8 years                    
                                        
                    Riot Club";https://kingfashion.com/ru/new-sku-ss17-1006-2-8-white.html
"T-shirt 8-14 years                    
                                        
                    Riot Club";https://kingfashion.com/ru/new-sku-ss17-1045-8-14-white-1217.html
"T-shirt 8-14 years                    
                                        
                    Riot Club";https://kingfashion.com/ru/new-sku-ss17-1045-8-14-white.html
"T-shirt 2-8 years                    
                                        
                    Riot Club";https://kingfashion.com/ru/new-sku-ss17-1053-2-8-grey.html
"T-shirt 8-14 years                    
                                        
                    Riot Club";https://kingfashion.com/ru/new-sku-ss17-1043-8-14-light-grey.html
